{
  "scales": [
    1,
    2,
    5,
    10,
    20,
    50,
    100,
    200,
    500
  ],
  "results": {
    "ctypes": [
      135.46,
      69.07,
      66.452,
      71.441,
      66.8725,
      67.3954,
      66.3116,
      66.83805,
      67.57312
    ],
    "cffi": [
      141.91,
      93.245,
      95.884,
      96.425,
      97.357,
      97.5848,
      97.9286,
      97.12335,
      98.7306
    ],
    "pybind11": [
      104.43,
      54.34,
      53.968,
      54.536,
      54.8125,
      54.1076,
      56.2629,
      58.0114,
      59.45958
    ],
    "pyo3": [
      62.01,
      29.495,
      31.242,
      31.525,
      31.725,
      32.043,
      32.1284,
      32.40905,
      32.29628
    ]
  },
  "methodology": "crossover_analysis_variable_scale"
}