{
  "timestamp": "2025-08-10T01:18:39.743971",
  "methodology": "PLT_cache_aware_academic_rigor",
  "raw_measurements": {
    "ctypes_return_int": {
      "first_call_time_ns": 5787,
      "hot_path_stats": {
        "median_ns": 109.0,
        "mean_ns": 126.595,
        "std_ns": 132.8691121931655,
        "min_ns": 103.0,
        "max_ns": 1962.0,
        "samples": 200
      },
      "plt_overhead_factor": 53.091743119266056,
      "raw_data_key": "ctypes_return_int",
      "hot_path_times_ns": [
        1962,
        407,
        240,
        181,
        181,
        154,
        172,
        145,
        158,
        157,
        137,
        128,
        127,
        150,
        134,
        110,
        113,
        109,
        108,
        111,
        105,
        110,
        125,
        106,
        106,
        157,
        126,
        108,
        108,
        107,
        105,
        135,
        109,
        122,
        108,
        107,
        105,
        108,
        128,
        106,
        108,
        111,
        107,
        109,
        129,
        107,
        108,
        109,
        106,
        110,
        135,
        113,
        107,
        116,
        110,
        113,
        104,
        130,
        109,
        107,
        109,
        109,
        108,
        107,
        113,
        206,
        134,
        113,
        106,
        108,
        107,
        112,
        107,
        131,
        106,
        129,
        106,
        120,
        116,
        114,
        112,
        109,
        130,
        111,
        109,
        108,
        108,
        111,
        110,
        110,
        107,
        114,
        109,
        138,
        116,
        108,
        107,
        110,
        108,
        109,
        134,
        106,
        109,
        111,
        106,
        107,
        110,
        128,
        114,
        130,
        138,
        112,
        110,
        113,
        107,
        111,
        109,
        107,
        112,
        109,
        112,
        112,
        110,
        109,
        110,
        106,
        128,
        111,
        134,
        129,
        113,
        109,
        110,
        107,
        106,
        106,
        107,
        130,
        105,
        107,
        104,
        103,
        108,
        105,
        106,
        107,
        103,
        106,
        106,
        110,
        126,
        107,
        107,
        130,
        108,
        108,
        108,
        109,
        107,
        107,
        130,
        106,
        113,
        109,
        109,
        110,
        109,
        132,
        108,
        112,
        105,
        108,
        107,
        125,
        135,
        110,
        105,
        110,
        108,
        107,
        105,
        128,
        105,
        107,
        106,
        105,
        110,
        106,
        108,
        133,
        114,
        108,
        108,
        105,
        109,
        106,
        129,
        106,
        109,
        107
      ]
    },
    "cffi_return_int": {
      "first_call_time_ns": 81222,
      "hot_path_stats": {
        "median_ns": 143.0,
        "mean_ns": 155.98,
        "std_ns": 89.82126474282134,
        "min_ns": 136.0,
        "max_ns": 1379.0,
        "samples": 200
      },
      "plt_overhead_factor": 567.986013986014,
      "raw_data_key": "cffi_return_int",
      "hot_path_times_ns": [
        1379,
        393,
        202,
        196,
        176,
        209,
        168,
        185,
        164,
        180,
        154,
        153,
        153,
        152,
        172,
        152,
        147,
        190,
        150,
        151,
        171,
        149,
        148,
        150,
        151,
        154,
        150,
        149,
        153,
        174,
        152,
        149,
        150,
        151,
        152,
        165,
        152,
        150,
        146,
        153,
        172,
        150,
        151,
        153,
        155,
        153,
        152,
        151,
        148,
        153,
        153,
        302,
        177,
        138,
        145,
        138,
        141,
        158,
        141,
        141,
        156,
        142,
        144,
        145,
        139,
        140,
        154,
        139,
        143,
        139,
        140,
        141,
        154,
        154,
        139,
        139,
        138,
        147,
        139,
        156,
        139,
        140,
        142,
        138,
        139,
        157,
        138,
        140,
        138,
        141,
        143,
        137,
        139,
        143,
        157,
        139,
        140,
        141,
        142,
        140,
        139,
        153,
        142,
        140,
        142,
        140,
        142,
        157,
        140,
        146,
        138,
        142,
        140,
        138,
        145,
        158,
        140,
        140,
        143,
        138,
        143,
        161,
        141,
        143,
        143,
        140,
        139,
        158,
        156,
        147,
        143,
        142,
        142,
        141,
        156,
        142,
        144,
        139,
        144,
        142,
        143,
        144,
        137,
        158,
        140,
        140,
        139,
        141,
        148,
        147,
        144,
        141,
        140,
        157,
        139,
        141,
        141,
        141,
        157,
        137,
        141,
        143,
        143,
        143,
        161,
        140,
        141,
        142,
        143,
        142,
        160,
        142,
        140,
        141,
        140,
        140,
        155,
        141,
        143,
        139,
        142,
        142,
        158,
        140,
        142,
        136,
        158,
        142,
        139,
        140,
        141,
        141,
        141,
        159,
        140,
        140,
        141,
        140,
        144,
        158
      ]
    },
    "pybind11_return_int": {
      "first_call_time_ns": 6664,
      "hot_path_stats": {
        "median_ns": 98.0,
        "mean_ns": 119.12,
        "std_ns": 154.94981639227586,
        "min_ns": 92.0,
        "max_ns": 2236.0,
        "samples": 200
      },
      "plt_overhead_factor": 68.0,
      "raw_data_key": "pybind11_return_int",