{
  "scales": [
    1,
    2,
    5,
    10,
    20,
    50,
    100,
    200,
    500
  ],
  "results": {
    "ctypes": [
      468.11,
      226.09,
      219.688,
      220.006,
      220.424,
      226.7452,
      221.1127,
      100.96055,
      76.75976
    ],
    "cffi": [
      201.79,
      132.24,
      133.026,
      132.869,
      110.289,
      111.2882,
      111.0826,
      110.7986,
      111.15634
    ],
    "pybind11": [
      104.8,
      58.325,
      58.874,
      58.608,
      59.9695,
      59.7448,
      60.5588,
      60.5282,
      60.10952
    ],
    "pyo3": [
      70.66,
      32.635,
      34.168,
      34.037,
      34.059,
      34.3018,
      34.0745,
      33.82085,
      33.7467
    ]
  },
  "methodology": "crossover_analysis_variable_scale"
}