{
  "timestamp": "2025-08-10T01:19:34.358655",
  "methodology": "PLT_cache_aware_academic_rigor",
  "raw_measurements": {
    "ctypes_return_int": {
      "first_call_time_ns": 6721,
      "hot_path_stats": {
        "median_ns": 117.0,
        "mean_ns": 144.525,
        "std_ns": 283.4645998621345,
        "min_ns": 111.0,
        "max_ns": 4111.0,
        "samples": 200
      },
      "plt_overhead_factor": 57.44444444444444,
      "raw_data_key": "ctypes_return_int",
      "hot_path_times_ns": [
        4111,
        592,
        250,
        148,
        164,
        141,
        137,
        134,
        126,
        117,
        134,
        115,
        114,
        115,
        114,
        154,
        115,
        129,
        126,
        115,
        114,
        113,
        113,
        112,
        114,
        114,
        112,
        131,
        113,
        111,
        124,
        113,
        116,
        117,
        144,
        118,
        117,
        134,
        115,
        117,
        115,
        118,
        115,
        116,
        142,
        116,
        114,
        116,
        113,
        117,
        115,
        114,
        135,
        119,
        114,
        141,
        123,
        118,
        115,
        115,
        118,
        125,
        119,
        116,
        115,
        142,
        114,
        114,
        131,
        113,
        142,
        120,
        118,
        114,
        141,
        114,
        131,
        140,
        118,
        116,
        117,
        116,
        117,
        116,
        140,
        113,
        142,
        137,
        113,
        114,
        115,
        112,
        142,
        120,
        113,
        137,
        132,
        115,
        112,
        112,
        112,
        115,
        113,
        139,
        117,
        133,
        137,
        114,
        117,
        118,
        115,
        114,
        115,
        116,
        145,
        117,
        114,
        141,
        114,
        115,
        115,
        116,
        116,
        114,
        133,
        116,
        115,
        139,
        114,
        146,
        117,
        142,
        115,
        117,
        115,
        113,
        115,
        114,
        114,
        115,
        132,
        140,
        113,
        113,
        117,
        126,
        116,
        117,
        119,
        121,
        119,
        118,
        118,
        117,
        131,
        143,
        118,
        125,
        116,
        115,
        117,
        142,
        125,
        117,
        116,
        120,
        116,
        115,
        116,
        124,
        115,
        116,
        115,
        137,
        117,
        118,
        114,
        122,
        142,
        116,
        117,
        116,
        142,
        115,
        144,
        115,
        141,
        116,
        116,
        114,
        117,
        114,
        117,
        114,
        113,
        131,
        140,
        114,
        117,
        116
      ]
    },
    "cffi_return_int": {
      "first_call_time_ns": 90094,
      "hot_path_stats": {
        "median_ns": 161.0,
        "mean_ns": 180.245,
        "std_ns": 126.05425409322767,
        "min_ns": 152.0,
        "max_ns": 1920.0,
        "samples": 200
      },
      "plt_overhead_factor": 559.5900621118012,
      "raw_data_key": "cffi_return_int",
      "hot_path_times_ns": [
        1920,
        377,
        225,
        285,
        208,
        194,
        191,
        202,
        229,
        197,
        243,
        198,
        208,
        196,
        182,
        209,
        176,
        202,
        175,
        176,
        205,
        181,
        175,
        174,
        177,
        222,
        197,
        180,
        180,
        195,
        176,
        174,
        176,
        184,
        175,
        193,
        178,
        174,
        174,
        175,
        200,
        176,
        175,
        175,
        173,
        177,
        175,
        174,
        206,
        175,
        176,
        328,
        202,
        165,
        189,
        161,
        219,
        169,
        161,
        159,
        180,
        159,
        157,
        180,
        155,
        159,
        163,
        161,
        157,
        162,
        191,
        161,
        182,
        156,
        159,
        160,
        162,
        160,
        161,
        177,
        166,
        161,
        167,
        162,
        172,
        160,
        158,
        156,
        153,
        152,
        156,
        166,
        157,
        187,
        158,
        158,
        158,
        156,
        158,
        180,
        159,
        159,
        178,
        160,
        156,
        160,
        156,
        160,
        161,
        162,
        178,
        154,
        167,
        160,
        162,
        158,
        158,
        158,
        168,
        202,
        161,
        160,
        156,
        161,
        181,
        157,
        157,
        155,
        156,
        154,
        178,
        154,
        154,
        154,
        155,
        158,
        157,
        174,
        158,
        158,
        157,
        157,
        155,
        155,
        152,
        173,
        155,
        160,
        159,
        160,
        159,
        157,
        174,
        155,
        154,
        155,
        158,
        155,
        155,
        178,
        158,
        156,
        158,
        156,
        160,
        157,
        176,
        156,
        171,
        160,
        156,
        156,
        159,
        160,
        170,
        161,
        159,
        157,
        158,
        156,
        177,
        156,
        181,
        158,
        157,
        158,
        154,
        154,
        182,
        174,
        158,
        155,
        176,
        157,
        157,
        160,
        155,
        158,
        169,
        160
      ]
    },
    "pybind11_return_int": {
      "first_call_time_ns": 13624,
      "hot_path_stats": {
        "median_ns": 101.0,
        "mean_ns": 122.575,
        "std_ns": 161.86013831391597,
        "min_ns": 95.0,
        "max_ns": 2336.0,
        "samples": 200
      },
      "plt_overhead_factor": 134.8910891089109,
      "raw_data_key": "pybind11_return_int",