{
  "scales": [
    1,
    2,
    5,
    10,
    20,
    50,
    100,
    200,
    500
  ],
  "results": {
    "ctypes": [
      186.4,
      116.22,
      131.242,
      118.867,
      117.4175,
      119.795,
      119.4008,
      118.31045,
      116.93798
    ],
    "cffi": [
      232.97,
      168.875,
      171.422,
      175.074,
      172.447,
      173.9122,
      174.5005,
      174.98845,
      175.80464
    ],
    "pybind11": [
      144.0,
      101.445,
      102.172,
      103.225,
      103.4125,
      103.0154,
      102.0069,
      101.55465,
      101.70258
    ],
    "pyo3": [
      114.94,
      80.02,
      81.796,
      81.565,
      82.0075,
      82.7092,
      82.1857,
      83.00315,
      83.2131
    ]
  },
  "methodology": "crossover_analysis_variable_scale"
}