{
  "timestamp": "2025-08-10T01:19:06.628532",
  "methodology": "PLT_cache_aware_academic_rigor",
  "raw_measurements": {
    "ctypes_return_int": {
      "first_call_time_ns": 6571,
      "hot_path_stats": {
        "median_ns": 198.0,
        "mean_ns": 205.59,
        "std_ns": 44.88453965454029,
        "min_ns": 190.0,
        "max_ns": 801.0,
        "samples": 200
      },
      "plt_overhead_factor": 33.186868686868685,
      "raw_data_key": "ctypes_return_int",
      "hot_path_times_ns": [
        801,
        360,
        283,
        231,
        230,
        204,
        199,
        202,
        221,
        221,
        214,
        197,
        224,
        210,
        214,
        196,
        202,
        199,
        210,
        218,
        197,
        197,
        198,
        198,
        202,
        201,
        200,
        215,
        220,
        197,
        197,
        197,
        199,
        224,
        199,
        218,
        200,
        216,
        197,
        198,
        195,
        197,
        194,
        200,
        195,
        197,
        197,
        198,
        195,
        216,
        198,
        198,
        217,
        199,
        213,
        195,
        196,
        213,
        193,
        197,
        195,
        197,
        199,
        199,
        194,
        196,
        197,
        197,
        198,
        196,
        198,
        198,
        195,
        195,
        199,
        197,
        199,
        204,
        199,
        241,
        198,
        197,
        198,
        194,
        197,
        212,
        190,
        212,
        197,
        199,
        195,
        198,
        212,
        195,
        201,
        194,
        200,
        196,
        200,
        197,
        196,
        198,
        197,
        199,
        197,
        198,
        191,
        201,
        198,
        223,
        198,
        203,
        212,
        194,
        195,
        203,
        215,
        213,
        197,
        199,
        193,
        197,
        197,
        216,
        198,
        197,
        197,
        197,
        199,
        199,
        199,
        196,
        212,
        197,
        219,
        197,
        196,
        196,
        196,
        215,
        199,
        197,
        199,
        194,
        196,
        199,
        200,
        216,
        198,
        204,
        200,
        196,
        194,
        215,
        199,
        197,
        200,
        200,
        197,
        196,
        200,
        198,
        199,
        197,
        197,
        195,
        216,
        196,
        215,
        210,
        198,
        195,
        195,
        197,
        197,
        194,
        213,
        198,
        195,
        197,
        195,
        192,
        220,
        196,
        194,
        215,
        195,
        195,
        199,
        198,
        219,
        193,
        196,
        196,
        194,
        194,
        196,
        198,
        198,
        213
      ]
    },
    "cffi_return_int": {
      "first_call_time_ns": 93770,
      "hot_path_stats": {
        "median_ns": 259.0,
        "mean_ns": 292.98,
        "std_ns": 265.69689422347415,
        "min_ns": 249.0,
        "max_ns": 3768.0,
        "samples": 200
      },
      "plt_overhead_factor": 362.04633204633205,
      "raw_data_key": "cffi_return_int",
      "hot_path_times_ns": [
        1068,
        415,
        318,
        271,
        265,
        273,
        295,
        277,
        323,
        263,
        278,
        262,
        276,
        259,
        272,
        264,
        273,
        286,
        260,
        255,
        262,
        260,
        302,
        272,
        250,
        258,
        259,
        261,
        258,
        300,
        258,
        272,
        256,
        278,
        277,
        255,
        256,
        261,
        281,
        262,
        260,
        262,
        3768,
        299,
        280,
        266,
        272,
        272,
        254,
        296,
        250,
        256,
        259,
        253,
        286,
        259,
        270,
        253,
        258,
        253,
        254,
        291,
        271,
        262,
        257,
        275,
        269,
        257,
        249,
        252,
        294,
        250,
        249,
        270,
        251,
        294,
        252,
        251,
        255,
        257,
        281,
        252,
        273,
        254,
        259,
        255,
        257,
        277,
        272,
        252,
        253,
        263,
        251,
        260,
        257,
        258,
        273,
        255,
        260,
        258,
        270,
        253,
        258,
        274,
        253,
        275,
        257,
        253,
        255,
        267,
        280,
        261,
        259,
        274,
        260,
        256,
        276,
        259,
        271,
        253,
        279,
        252,
        258,
        257,
        270,
        279,
        256,
        259,
        255,
        285,
        261,
        256,
        255,
        259,
        257,
        274,
        276,
        254,
        258,
        255,
        262,
        255,
        282,
        256,
        300,
        258,
        275,
        258,
        258,
        260,
        256,
        276,
        251,
        253,
        253,
        278,
        269,
        252,
        251,
        269,
        259,
        258,
        273,
        274,
        252,
        253,
        256,
        280,
        271,
        251,
        271,
        259,
        281,
        262,
        1404,
        300,
        267,
        257,
        324,
        254,
        249,
        256,
        255,
        278,
        306,
        254,
        255,
        255,
        257,
        281,
        252,
        257,
        255,
        251,
        255,
        269,
        254,
        255,
        252,
        256
      ]
    },
    "pybind11_return_int": {
      "first_call_time_ns": 10828,
      "hot_path_stats": {
        "median_ns": 174.0,
        "mean_ns": 185.92,
        "std_ns": 60.16605022768239,
        "min_ns": 166.0,
        "max_ns": 874.0,
        "samples": 200
      },
      "plt_overhead_factor": 62.229885057471265,
      "raw_data_key": "pybind11_return_int",