{
  "scales": [
    1,
    2,
    5,
    10,
    20,
    50,
    100,
    200,
    500
  ],
  "results": {
    "ctypes": [
      136.05,
      78.765,
      86.638,
      72.574,
      72.0095,
      71.6764,
      78.36,
      73.27575,
      73.76144
    ],
    "cffi": [
      3273.79,
      129.425,
      132.108,
      135.482,
      136.289,
      136.1062,
      133.6364,
      133.89715,
      135.56004
    ],
    "pybind11": [
      110.5,
      57.61,
      59.622,
      59.837,
      58.4385,
      56.6178,
      57.6062,
      57.93735,
      58.42342
    ],
    "pyo3": [
      72.14,
      35.435,
      35.422,
      34.526,
      34.553,
      34.7362,
      34.7661,
      34.1583,
      34.89778
    ]
  },
  "methodology": "crossover_analysis_variable_scale"
}