{
  "timestamp": "2025-08-10T01:20:00.100570",
  "methodology": "PLT_cache_aware_academic_rigor",
  "raw_measurements": {
    "ctypes_return_int": {
      "first_call_time_ns": 8701,
      "hot_path_stats": {
        "median_ns": 124.0,
        "mean_ns": 150.425,
        "std_ns": 268.1795375769747,
        "min_ns": 119.0,
        "max_ns": 3902.0,
        "samples": 200
      },
      "plt_overhead_factor": 70.16935483870968,
      "raw_data_key": "ctypes_return_int",
      "hot_path_times_ns": [
        3902,
        557,
        276,
        204,
        174,
        182,
        159,
        131,
        126,
        130,
        127,
        155,
        125,
        205,
        142,
        123,
        122,
        123,
        127,
        127,
        186,
        148,
        123,
        127,
        140,
        123,
        124,
        126,
        160,
        127,
        124,
        122,
        125,
        143,
        121,
        125,
        122,
        191,
        136,
        123,
        124,
        135,
        123,
        122,
        121,
        136,
        123,
        125,
        121,
        124,
        121,
        125,
        122,
        122,
        122,
        122,
        123,
        123,
        124,
        123,
        136,
        127,
        125,
        121,
        119,
        124,
        126,
        122,
        142,
        123,
        122,
        124,
        121,
        120,
        122,
        125,
        149,
        120,
        121,
        142,
        125,
        123,
        123,
        123,
        123,
        135,
        123,
        122,
        123,
        124,
        124,
        120,
        145,
        140,
        121,
        123,
        124,
        119,
        127,
        126,
        136,
        124,
        122,
        123,
        121,
        125,
        136,
        121,
        135,
        120,
        121,
        121,
        124,
        127,
        124,
        124,
        125,
        136,
        125,
        142,
        124,
        126,
        124,
        120,
        125,
        122,
        128,
        137,
        122,
        122,
        122,
        120,
        119,
        125,
        140,
        123,
        123,
        128,
        124,
        123,
        130,
        125,
        139,
        124,
        122,
        127,
        124,
        123,
        123,
        152,
        121,
        121,
        129,
        126,
        127,
        124,
        138,
        125,
        121,
        125,
        129,
        127,
        126,
        125,
        141,
        126,
        125,
        123,
        124,
        126,
        125,
        123,
        136,
        119,
        124,
        142,
        123,
        125,
        120,
        122,
        134,
        124,
        123,
        122,
        123,
        119,
        124,
        137,
        125,
        122,
        123,
        121,
        125,
        125,
        124,
        136,
        146,
        122,
        125,
        121
      ]
    },
    "cffi_return_int": {
      "first_call_time_ns": 162796,
      "hot_path_stats": {
        "median_ns": 195.0,
        "mean_ns": 217.545,
        "std_ns": 122.83093248445199,
        "min_ns": 182.0,
        "max_ns": 1852.0,
        "samples": 200
      },
      "plt_overhead_factor": 834.851282051282,
      "raw_data_key": "cffi_return_int",
      "hot_path_times_ns": [
        1852,
        516,
        369,
        467,
        347,
        273,
        256,
        253,
        234,
        229,
        291,
        224,
        221,
        258,
        226,
        219,
        220,
        221,
        226,
        222,
        217,
        218,
        243,
        216,
        248,
        285,
        214,
        219,
        211,
        215,
        238,
        216,
        209,
        220,
        204,
        205,
        224,
        209,
        205,
        226,
        212,
        208,
        208,
        209,
        212,
        222,
        208,
        208,
        212,
        284,
        232,
        415,
        263,
        192,
        201,
        214,
        256,
        210,
        193,
        195,
        195,
        209,
        188,
        193,
        185,
        189,
        190,
        211,
        188,
        184,
        211,
        188,
        189,
        190,
        244,
        205,
        207,
        189,
        195,
        189,
        191,
        213,
        184,
        191,
        194,
        186,
        194,
        188,
        192,
        189,
        190,
        208,
        191,
        188,
        195,
        187,
        192,
        191,
        209,
        196,
        198,
        197,
        194,
        194,
        213,
        195,
        188,
        190,
        195,
        194,
        208,
        192,
        191,
        211,
        192,
        190,
        194,
        191,
        189,
        272,
        192,
        193,
        191,
        198,
        191,
        185,
        214,
        189,
        185,
        192,
        191,
        193,
        189,
        210,
        196,
        185,
        192,
        186,
        209,
        189,
        193,
        209,
        202,
        187,
        190,
        190,
        198,
        193,
        209,
        188,
        195,
        194,
        193,
        195,
        189,
        211,
        190,
        194,
        194,
        216,
        192,
        196,
        192,
        195,
        192,
        197,
        189,
        195,
        194,
        194,
        208,
        190,
        193,
        195,
        190,
        182,
        192,
        213,
        189,
        191,
        197,
        191,
        213,
        189,
        197,
        192,
        192,
        195,
        222,
        194,
        191,
        188,
        192,
        187,
        211,
        190,
        193,
        190,
        200,
        190
      ]
    },
    "pybind11_return_int": {
      "first_call_time_ns": 8247,
      "hot_path_stats": {
        "median_ns": 107.0,
        "mean_ns": 134.61,
        "std_ns": 188.8817828696034,
        "min_ns": 102.0,
        "max_ns": 2663.0,
        "samples": 200
      },
      "plt_overhead_factor": 77.07476635514018,
      "raw_data_key": "pybind11_return_int",